Workbook

Sheet Dashboard
A1: Lincoln Middle School — At-Risk Student Monitor | N1: Calc Engine — do not delete
A3: Total Students | C3: AT-RISK (Red+Yellow) | F3: GREEN — Satisfactory | H3: % Satisfactory | M3: Total Students | N3: =COUNTA('Student Data'!A2:A36) -> 35
A4: =N3 -> 35 | C4: =N7 -> 21 | F4: =N6 -> 14 | H4: =N8 -> 0.4 | M4: Red Count | N4: =COUNTIF('Student Data'!J2:J36,"RED - Dual Risk") -> 7
M5: Yellow Count | N5: =COUNTIF('Student Data'!J2:J36,"YELLOW - Single Risk") -> 14
M6: Green Count | N6: =COUNTIF('Student Data'!J2:J36,"GREEN - Satisfactory") -> 14
A7: students | C7: students | F7: students | H7: of roster | M7: At-Risk Count (Red+Yellow) | N7: =N4+N5 -> 21
M8: Pct Satisfactory | N8: =N6/N3 -> 0.4
A9: Avg Class Average: | B9: =N9 -> 68.417143 | D9: Avg Attendance %: | E9: =N10 -> 76.922857 | G9: Lowest Average: | H9: =N11 -> 34.7 | J9: Lowest Attendance: | K9: =N12 -> 50.1 | M9: Avg Class Average | N9: =AVERAGE('Student Data'!F2:F36) -> 68.417143
M10: Avg Attendance | N10: =AVERAGE('Student Data'!G2:G36) -> 76.922857
M11: Lowest Average | N11: =MIN('Student Data'!F2:F36) -> 34.7
A12: Risk Category Breakdown | M12: Lowest Attendance | N12: =MIN('Student Data'!G2:G36) -> 50.1
A13: Category | B13: Students
A14: RED - Dual Risk | B14: =N4 -> 7
A15: YELLOW - Single Risk | B15: =N5 -> 14
A16: GREEN - Satisfactory | B16: =N6 -> 14
A19: Attendance Watch List — 8 Lowest Attendance %
A20: Rank | B20: Student | C20: Attendance %
A21: 1 | B21: =INDEX('Student Data'!$B$2:$B$36,MATCH(SMALL('Student Data'!$R$2:$R$36,1),'Student Data'!$R$2:$R$36,0)) -> Andre Fenwick | C21: =SMALL('Student Data'!$G$2:$G$36,1) -> 50.1
A22: 2 | B22: =INDEX('Student Data'!$B$2:$B$36,MATCH(SMALL('Student Data'!$R$2:$R$36,2),'Student Data'!$R$2:$R$36,0)) -> Simone Rojas | C22: =SMALL('Student Data'!$G$2:$G$36,2) -> 51.9
A23: 3 | B23: =INDEX('Student Data'!$B$2:$B$36,MATCH(SMALL('Student Data'!$R$2:$R$36,3),'Student Data'!$R$2:$R$36,0)) -> Nora Achebe | C23: =SMALL('Student Data'!$G$2:$G$36,3) -> 54.8
A24: 4 | B24: =INDEX('Student Data'!$B$2:$B$36,MATCH(SMALL('Student Data'!$R$2:$R$36,4),'Student Data'!$R$2:$R$36,0)) -> Ronan Whitaker | C24: =SMALL('Student Data'!$G$2:$G$36,4) -> 56.2
A25: 5 | B25: =INDEX('Student Data'!$B$2:$B$36,MATCH(SMALL('Student Data'!$R$2:$R$36,5),'Student Data'!$R$2:$R$36,0)) -> Leilani Kamau | C25: =SMALL('Student Data'!$G$2:$G$36,5) -> 57.3
A26: 6 | B26: =INDEX('Student Data'!$B$2:$B$36,MATCH(SMALL('Student Data'!$R$2:$R$36,6),'Student Data'!$R$2:$R$36,0)) -> Aaliyah Suarez | C26: =SMALL('Student Data'!$G$2:$G$36,6) -> 58.2
A27: 7 | B27: =INDEX('Student Data'!$B$2:$B$36,MATCH(SMALL('Student Data'!$R$2:$R$36,7),'Student Data'!$R$2:$R$36,0)) -> Grace Bennett | C27: =SMALL('Student Data'!$G$2:$G$36,7) -> 61
A28: 8 | B28: =INDEX('Student Data'!$B$2:$B$36,MATCH(SMALL('Student Data'!$R$2:$R$36,8),'Student Data'!$R$2:$R$36,0)) -> Priya Nakamura | C28: =SMALL('Student Data'!$G$2:$G$36,8) -> 62.3
A31: Weekly Risk Trend — Week 1 is live; fill in Weeks 7-10 (or add rows below) as real data comes in
A32: Week | B32: Red | C32: Yellow | D32: Green
A33: Week 1 (current) | B33: =N4 -> 7 | C33: =N5 -> 14 | D33: =N6 -> 14
A34: Week 2 | B34: 6 | C34: 9 | D34: 20
A35: Week 3 | B35: 8 | C35: 7 | D35: 20
A36: Week 4 | B36: 7 | C36: 8 | D36: 20
A37: Week 5 | B37: 6 | C37: 7 | D37: 22
A38: Week 6 | B38: 5 | C38: 6 | D38: 24
A39: Week 7
A40: Week 8
A41: Week 9
A42: Week 10

Sheet Student Data
A1: Student ID | B1: Name | C1: Test 1 | D1: Test 2 | E1: Test 3 | F1: Average | G1: Attendance % | H1: Academic Status | I1: Attendance Status | J1: Risk Category | R1: Attn_RankKey (helper)
A2: LMS-201 | B2: Grace Bennett | C2: 34 | D2: 47 | E2: 33 | F2: =ROUND(AVERAGE(C2:E2),1) -> 38 | G2: 61 | H2: =IF(F2<60,"FAIL","PASS") -> FAIL | I2: =IF(G2<75,"FAIL","PASS") -> FAIL | J2: =IF(AND(H2="FAIL",I2="FAIL"),"RED - Dual Risk",IF(OR(H2="FAIL",I2="FAIL"),"YELLOW - Single Risk","GREEN - Satisfactory")) -> RED - Dual Risk | R2: =G2+(ROW()-1)/1000000 -> 61.000001
A3: LMS-202 | B3: Elena Osei | C3: 97 | D3: 73 | E3: 68 | F3: =ROUND(AVERAGE(C3:E3),1) -> 79.3 | G3: 63.1 | H3: =IF(F3<60,"FAIL","PASS") -> PASS | I3: =IF(G3<75,"FAIL","PASS") -> FAIL | J3: =IF(AND(H3="FAIL",I3="FAIL"),"RED - Dual Risk",IF(OR(H3="FAIL",I3="FAIL"),"YELLOW - Single Risk","GREEN - Satisfactory")) -> YELLOW - Single Risk | R3: =G3+(ROW()-1)/1000000 -> 63.100002
A4: LMS-203 | B4: Marcus Castillo | C4: 75 | D4: 86 | E4: 69 | F4: =ROUND(AVERAGE(C4:E4),1) -> 76.7 | G4: 90.1 | H4: =IF(F4<60,"FAIL","PASS") -> PASS | I4: =IF(G4<75,"FAIL","PASS") -> PASS | J4: =IF(AND(H4="FAIL",I4="FAIL"),"RED - Dual Risk",IF(OR(H4="FAIL",I4="FAIL"),"YELLOW - Single Risk","GREEN - Satisfactory")) -> GREEN - Satisfactory | R4: =G4+(ROW()-1)/1000000 -> 90.100003
A5: LMS-204 | B5: Priya Nakamura | C5: 32 | D5: 48 | E5: 31 | F5: =ROUND(AVERAGE(C5:E5),1) -> 37 | G5: 62.3 | H5: =IF(F5<60,"FAIL","PASS") -> FAIL | I5: =IF(G5<75,"FAIL","PASS") -> FAIL | J5: =IF(AND(H5="FAIL",I5="FAIL"),"RED - Dual Risk",IF(OR(H5="FAIL",I5="FAIL"),"YELLOW - Single Risk","GREEN - Satisfactory")) -> RED - Dual Risk | R5: =G5+(ROW()-1)/1000000 -> 62.300004
A6: LMS-205 | B6: Nathan Whitfield | C6: 94 | D6: 97 | E6: 90 | F6: =ROUND(AVERAGE(C6:E6),1) -> 93.7 | G6: 95.1 | H6: =IF(F6<60,"FAIL","PASS") -> PASS | I6: =IF(G6<75,"FAIL","PASS") -> PASS | J6: =IF(AND(H6="FAIL",I6="FAIL"),"RED - Dual Risk",IF(OR(H6="FAIL",I6="FAIL"),"YELLOW - Single Risk","GREEN - Satisfactory")) -> GREEN - Satisfactory | R6: =G6+(ROW()-1)/1000000 -> 95.100005
A7: LMS-206 | B7: Zoe Alvarado | C7: 52 | D7: 56 | E7: 52 | F7: =ROUND(AVERAGE(C7:E7),1) -> 53.3 | G7: 85.6 | H7: =IF(F7<60,"FAIL","PASS") -> FAIL | I7: =IF(G7<75,"FAIL","PASS") -> PASS | J7: =IF(AND(H7="FAIL",I7="FAIL"),"RED - Dual Risk",IF(OR(H7="FAIL",I7="FAIL"),"YELLOW - Single Risk","GREEN - Satisfactory")) -> YELLOW - Single Risk | R7: =G7+(ROW()-1)/1000000 -> 85.600006
A8: LMS-207 | B8: Andre Fenwick | C8: 77 | D8: 73 | E8: 77 | F8: =ROUND(AVERAGE(C8:E8),1) -> 75.7 | G8: 50.1 | H8: =IF(F8<60,"FAIL","PASS") -> PASS | I8: =IF(G8<75,"FAIL","PASS") -> FAIL | J8: =IF(AND(H8="FAIL",I8="FAIL"),"RED - Dual Risk",IF(OR(H8="FAIL",I8="FAIL"),"YELLOW - Single Risk","GREEN - Satisfactory")) -> YELLOW - Single Risk | R8: =G8+(ROW()-1)/1000000 -> 50.100007
A9: LMS-208 | B9: Camila Okafor | C9: 82 | D9: 96 | E9: 94 | F9: =ROUND(AVERAGE(C9:E9),1) -> 90.7 | G9: 97.3 | H9: =IF(F9<60,"FAIL","PASS") -> PASS | I9: =IF(G9<75,"FAIL","PASS") -> PASS | J9: =IF(AND(H9="FAIL",I9="FAIL"),"RED - Dual Risk",IF(OR(H9="FAIL",I9="FAIL"),"YELLOW - Single Risk","GREEN - Satisfactory")) -> GREEN - Satisfactory | R9: =G9+(ROW()-1)/1000000 -> 97.300008
A10: LMS-209 | B10: Tyler Preston | C10: 52 | D10: 47 | E10: 57 | F10: =ROUND(AVERAGE(C10:E10),1) -> 52 | G10: 98.6 | H10: =IF(F10<60,"FAIL","PASS") -> FAIL | I10: =IF(G10<75,"FAIL","PASS") -> PASS | J10: =IF(AND(H10="FAIL",I10="FAIL"),"RED - Dual Risk",IF(OR(H10="FAIL",I10="FAIL"),"YELLOW - Single Risk","GREEN - Satisfactory")) -> YELLOW - Single Risk | R10: =G10+(ROW()-1)/1000000 -> 98.600009
A11: LMS-210 | B11: Fatima Delgado | C11: 70 | D11: 95 | E11: 89 | F11: =ROUND(AVERAGE(C11:E11),1) -> 84.7 | G11: 81.6 | H11: =IF(F11<60,"FAIL","PASS") -> PASS | I11: =IF(G11<75,"FAIL","PASS") -> PASS | J11: =IF(AND(H11="FAIL",I11="FAIL"),"RED - Dual Risk",IF(OR(H11="FAIL",I11="FAIL"),"YELLOW - Single Risk","GREEN - Satisfactory")) -> GREEN - Satisfactory | R11: =G11+(ROW()-1)/1000000 -> 81.60001
A12: LMS-211 | B12: Owen Marsh | C12: 84 | D12: 72 | E12: 94 | F12: =ROUND(AVERAGE(C12:E12),1) -> 83.3 | G12: 87.3 | H12: =IF(F12<60,"FAIL","PASS") -> PASS | I12: =IF(G12<75,"FAIL","PASS") -> PASS | J12: =IF(AND(H12="FAIL",I12="FAIL"),"RED - Dual Risk",IF(OR(H12="FAIL",I12="FAIL"),"YELLOW - Single Risk","GREEN - Satisfactory")) -> GREEN - Satisfactory | R12: =G12+(ROW()-1)/1000000 -> 87.300011
A13: LMS-212 | B13: Ines Idrissi | C13: 67 | D13: 98 | E13: 99 | F13: =ROUND(AVERAGE(C13:E13),1) -> 88 | G13: 95.4 | H13: =IF(F13<60,"FAIL","PASS") -> PASS | I13: =IF(G13<75,"FAIL","PASS") -> PASS | J13: =IF(AND(H13="FAIL",I13="FAIL"),"RED - Dual Risk",IF(OR(H13="FAIL",I13="FAIL"),"YELLOW - Single Risk","GREEN - Satisfactory")) -> GREEN - Satisfactory | R13: =G13+(ROW()-1)/1000000 -> 95.400012
... A36: LMS-235 | B36: Quentin Okonkwo | C36: 85 | D36: 63 | E36: 66 | F36: =ROUND(AVERAGE(C36:E36),1) -> 71.3 | G36: 70.7 | H36: =IF(F36<60,"FAIL","PASS") -> PASS | I36: =IF(G36<75,"FAIL","PASS") -> FAIL | J36: =IF(AND(H36="FAIL",I36="FAIL"),"RED - Dual Risk",IF(OR(H36="FAIL",I36="FAIL"),"YELLOW - Single Risk","GREEN - Satisfactory")) -> YELLOW - Single Risk | R36: =G36+(ROW()-1)/1000000 -> 70.700035

Sheet README
A1: Lincoln Middle School — Practice Dataset
A3: This is an independent practice dataset for learning the Excel + Orange
A4: SPSS workflow. It uses different student counts, names, and a different natural
A5: distribution across risk tiers than the first practice set, so you can rehearse
A6: the same pipeline on fresh numbers.
A8: Structure:
A9: - 35 fictional students (LMS-201 .. LMS-235)
A10: - Organic (non-quota) distribution: 7 dual-risk, 6 academic-only, 8 attendance-only, 14 satisfactory
A12: Thresholds (same rule definitions as the assignment):
A13: - Academic Threshold: Average of Test 1-3 < 60% => FAIL
A14: - Attendance Threshold: Attendance % < 75% => FAIL
A16: Columns F (Average), H (Academic Status), I (Attendance Status), and J (Risk Category)
... A21: and a stacked-column weekly trend instead of a line chart.
